ZBTB8B,YES
GSX2,YES
TBX2,YES
PAX8,YES
CREB3L1,YES
NKX6-1,YES
ZNF621,YES
ZNF138,YES
ZNF654,YES
POU3F3,YES
ALX1,YES
EMX1,YES
ZNF718,YES
VSX2,YES
POU1F1,YES
RARA,YES
TLX3,YES
ZIC2,YES
ZNF226,YES
ZNF808,YES
AC067968.1,YES
NR3C1,YES
HIC2,YES
ZNF442,YES
FOSL1,YES
MTF1,YES
YBX3,YES
ZNF705A,YES
NFE2,YES
RAX2,YES
SP1,YES
ARID3A,YES
FEZF1,YES
THAP4,YES
ZNF286A,YES
FOXQ1,YES
AIRE,YES
SNAI3,YES
ZNF224,YES
ATOH8,YES
MECOM,YES
ZNF45,YES
ZNF674,YES
ZXDA,YES
ST18,YES
NKX6-2,YES
ZNF689,YES
ZNF449,YES
ZNF2,YES
TFDP2,YES
ZBTB25,YES
PIAS4,YES
HES4,YES
ZNF592,YES
WT1,YES
ZBTB49,YES
PAX5,YES
MAFG,YES
ZNF837,YES
FOXD4,YES
GATA3,YES
HOMEZ,YES
ZNF26,YES
ZSCAN20,YES
MEOX2,YES
DMRTA1,YES
ZNF567,YES
OVOL1,YES
PRRX2,YES
MAFB,YES
ZNF195,YES
ZNF75D,YES
PIAS2,YES
FOXJ1,YES
GRHL1,YES
KLF11,YES
ATF2,YES
NFAT5,YES
MXD1,YES
SMAD3,YES
DMRT2,YES
BARHL1,YES
IKZF4,YES
ZNF607,YES
E2F7,YES
ZNF595,YES
ETV5,YES
CSRNP3,YES
CEBPD,YES
ZNF669,YES
TBX22,YES
ZNF304,YES
FOXN4,YES
TBX6,YES
ZBED2,YES
HES5,YES
ZNF283,YES
PLAG1,YES
ZNF512B,YES
ZNF486,YES
ZMIZ2,YES
TERF2,YES
TFAM,YES
LCORL,YES
THAP5,YES
TCF15,YES
ZNF75A,YES
HMGB2,YES
EGR3,YES
ZFP69B,YES
USF1,YES
TBR1,YES
SMAD2,YES
ZNF165,YES
HOXA11,YES
LMX1A,YES
LHX6,YES
ZNF155,YES
ZNF16,YES
ZNF225,YES
ZSCAN10,YES
HNF1B,YES
AC008758.1,YES
HOXA13,YES
MKX,YES
TBX1,YES
ZNF70,YES
ZNF282,YES
PRDM13,YES
ZNF786,YES
ZNF547,YES
EOMES,YES
HOXB1,YES
ZKSCAN3,YES
ZNF648,YES
MECP2,YES
WIZ,YES
ZNF317,YES
ZGLP1,YES
BACH2,YES
IRX4,YES
IRF4,YES
HOXA9,YES
SMAD7,YES
ZNF613,YES
SOX30,YES
TSC22D4,YES
MEOX1,YES
ZNF438,YES
TCF4,YES
ZBTB18,YES
RBPJL,YES
LYL1,YES
BHLHE22,YES
AC010422.6,YES
IRF3,YES
ZNF260,YES
PROX2,YES
TP63,YES
HOXA6,YES
DMRTB1,YES
CCDC169-SOHLH2,YES
YY2,YES
ZNF143,YES
PBRM1,YES
ZNF841,YES
ADNP,YES
SPIB,YES
BCL11B,YES
ZNF513,YES
NEUROD6,YES
SRF,YES
TBXT,YES
HOXD9,YES
ZBTB47,YES
ZNF22,YES
NFXL1,YES
ZNF543,YES
ZNF540,YES
SOX14,YES
TFAP4,YES
ASCL2,YES
HEY1,YES
EBF3,YES
XBP1,YES
ZNF562,YES
PROP1,YES
CDX4,YES
SOX10,YES
BORCS8-MEF2B,YES
ZNF211,YES
ZNF266,YES
ZNF580,YES
OVOL3,YES
ZNF391,YES
ATOH1,YES
ATF5,YES
MYB,YES
ALX3,YES
SP2,YES
THAP2,YES
GATA2,YES
CDX2,YES
OLIG2,YES
SIM1,YES
ZNF445,YES
YBX2,YES
ZBTB10,YES
ZIK1,YES
ZNF611,YES
DLX2,YES
RREB1,YES
GATA1,YES
BHLHA15,YES
SOX21,YES
MAFA,YES
PITX1,YES
ZNF286B,YES
TGIF2LX,YES
SATB1,YES
SIM2,YES
EN1,YES
ZNF845,YES
DRGX,YES
MAX,YES
ZNF696,YES
ZNF521,YES
ZFP62,YES
GLI3,YES
ZBTB8A,YES
ZNF791,YES
ZFP42,YES
TGIF1,YES
ZNF557,YES
MEIS3,YES
ZNF565,YES
AC002310.5,YES
DLX1,YES
OLIG1,YES
GCFC2,YES
ZNF124,YES
ZBTB5,YES
ZNF554,YES
ZBTB38,YES
ZNF600,YES
BSX,YES
BHLHE41,YES
ZSCAN23,YES
HOXA1,YES
MLX,YES
TSC22D1,YES
EGR4,YES
DUXA,YES
ZNF493,YES
CREBZF,YES
PAX1,YES
THAP11,YES
ARID4A,YES
ZSCAN22,YES
ZNF729,YES
ZNF221,YES
FOXN1,YES
MSGN1,YES
OTX2,YES
TCF7L1,YES
THAP6,YES
IRF2,YES
TFAP2D,YES
ZNF239,YES
EBF1,YES
GBX1,YES
REST,YES
CSDE1,YES
ZNF641,YES
ZNF90,YES
FOXN3,YES
ZNF385A,YES
ZNF727,YES
ZNF257,YES
C11orf95,YES
ZNF98,YES
PPARD,YES
ZNF223,YES
ZNF561,YES
CDX1,YES
ZBTB3,YES
TADA2B,YES
LHX2,YES
AC005324.4,YES
MEIS2,YES
MLXIPL,YES
ZNF274,YES
HOXB2,YES
ZNF816,YES
GTF3A,YES
NKX2-4,YES
ZNF134,YES
ETV2,YES
POU2F1,YES
SALL1,YES
ZNF136,YES
SP140L,YES
ZNF780B,YES
IRF5,YES
ZNF443,YES
ETV1,YES
HMG20B,YES
PGR,YES
MYBL2,YES
EGR2,YES
ZNF397,YES
NFATC2,YES
OTX1,YES
CREM,YES
FOXO3,YES
ZBTB6,YES
ZNF433,YES
CREB1,YES
POU3F4,YES
ZNF672,YES
ZNF329,YES
SCRT1,YES
ZNF140,YES
ZBED6,YES
ZNF765,YES
CRX,YES
ZNF853,YES
BAZ2B,YES
ZNF182,YES
ZNF467,YES
ZNF253,YES
PRDM10,YES
ZNF333,YES
PRDM1,YES
ZIM3,YES
GATA4,YES
GLIS2,YES
ZNF180,YES
ZNF366,YES
SOX18,YES
ZFP1,YES
ZNF517,YES
HOXD10,YES
ZNF112,YES
CCDC88A,YES
ZNF628,YES
ZNF829,YES
TADA2A,YES
ASCL3,YES
ZNF688,YES
ZNF784,YES
MYOD1,YES
SMAD5,YES
GSX1,YES
DMBX1,YES
ZNF419,YES
SP110,YES
SALL3,YES
BBX,YES
FEZF2,YES
EBF2,YES
HMGA2,YES
DACH1,YES
SETDB1,YES
VAX2,YES
MEF2D,YES
ZNF273,YES
ZNF287,YES
ZNF37A,YES
RAX,YES
OSR2,YES
ZNF763,YES
TSHZ3,YES
ZNF555,YES
HOXC10,YES
TOX,YES
KLF8,YES
ZNF235,YES
ZNF746,YES
VAX1,YES
BARX2,YES
ZNF311,YES
RBPJ,YES
PDX1,YES
ZXDB,YES
ZNF528,YES
BATF3,YES
HOXC12,YES
SMAD1,YES
ZFP91,YES
HMX2,YES
ZNF416,YES
ZNF776,YES
SPDEF,YES
ARID3C,YES
ZNF417,YES
FOXO1,YES
ZNF709,YES
FOXH1,YES
ZNF80,YES
ZNF296,YES
ZFX,YES
SP4,YES
ID1,YES
ZNF701,YES
CEBPB,YES
ZNF66,YES
TULP2,YES
RFX1,YES
ZNF724,YES
GRHL2,YES
ZNF879,YES
TEAD3,YES
ZNF541,YES
ZNF610,YES
ELK4,YES
TERF1,YES
RXRG,YES
USF2,YES
ZNF35,YES
FOXO4,YES
RFX2,YES
CTCFL,YES
AFF1,YES
ZNF775,YES
ELF2,YES
ZNF32,YES
LHX5,YES
SOHLH1,YES
NSD2,YES
HMGB4,YES
ZBTB44,YES
ZNF444,YES
NKX2-5,YES
ARID5B,YES
JDP2,YES
FOS,YES
BARX1,YES
LIN28B,YES
LHX3,YES
NRF1,YES
HOXC13,YES
FOXS1,YES
DMTF1,YES
ISL1,YES
STAT3,YES
ETV6,YES
IRX3,YES
ZNF627,YES
ZKSCAN5,YES
NFATC4,YES
ZNF212,YES
KLF5,YES
ZNF572,YES
HES1,YES
ZNF343,YES
ZNF91,YES
THAP7,YES
GTF2IRD2B,YES
ONECUT1,YES
ZNF79,YES
ZSCAN5C,YES
TRERF1,YES
BATF,YES
LHX9,YES
TOX4,YES
REL,YES
HOXD11,YES
ZBTB34,YES
ATF6B,YES
FOXD4L6,YES
ELK3,YES
ZNF559,YES
GSC2,YES
ONECUT3,YES
ARNT,YES
ETV4,YES
ZNF792,YES
IRF1,YES
NFATC3,YES
PAX2,YES
ZNF222,YES
KLF4,YES
TSC22D3,YES
ZNF229,YES
TFEC,YES
ZNF668,YES
HOXD1,YES
ASCL1,YES
RCOR3,YES
ZNF790,YES
ZNF605,YES
POU4F3,YES
ESRRA,YES
GLIS3,YES
ZNF519,YES
ZNF354A,YES
ZNF214,YES
AC019117.3,YES
ZFAT,YES
ZKSCAN4,YES
AC008770.2,YES
FOXA1,YES
ZNF658,YES
PITX3,YES
ZNF496,YES
ZNF248,YES
KLF10,YES
BCL6,YES
HKR1,YES
TCF7L2,YES
MAEL,YES
NR1H4,YES
POU5F1B,YES
ZNF316,YES
POU2F2,YES
ZNF432,YES
HSF5,YES
ZNF382,YES
ZNF507,YES
MYCL,YES
SNAI1,YES
NKX6-3,YES
SREBF2,YES
ZNF347,YES
ZNF281,YES
BNC2,YES
HOXA10,YES
SOX4,YES
SPI1,YES
ZFP90,YES
ZNF23,YES
SOX11,YES
MIS18BP1,YES
HLX,YES
ZNF85,YES
ZNF799,YES
MEF2C,YES
PRDM16,YES
ZNF408,YES
ZNF200,YES
ZNF883,YES
ZNF526,YES
DBP,YES
ZNF473,YES
ZNF551,YES
IKZF2,YES
E4F1,YES
OTP,YES
ZNF800,YES
FERD3L,YES
ZNF865,YES
ZNF707,YES
ZNF606,YES
SOX8,YES
GCM1,YES
BCL6B,YES
HEYL,YES
SALL4,YES
ZNF18,YES
ZSCAN5B,YES
MTA1,YES
NR6A1,YES
JUN,YES
ZNF141,YES
NFX1,YES
ARX,YES
PEG3,YES
RARB,YES
NCOR2,YES
UBTFL1,YES
ZNF331,YES
ZNF778,YES
NRL,YES
MYOG,YES
NOTO,YES
ZNF205,YES
LEF1,YES
ZNF529,YES
HOXA2,YES
ZNF148,YES
SMARCC1,YES
ZNF322,YES
TAL2,YES
EMX2,YES
KLF2,YES
ZBTB22,YES
ZNF550,YES
ZFP3,YES
ZNF597,YES
PBX4,YES
ZNF652,YES
CSDC2,YES
TPRX1,YES
ZFHX3,YES
ZNF358,YES
FOXD1,YES
STAT2,YES
ZNF431,YES
SREBF1,YES
ZNF69,YES
FOXB2,YES
MIER1,YES
LRRFIP2,YES
GATA6,YES
HIVEP2,YES
ZNF100,YES
SOHLH2,YES
ZKSCAN8,YES
HOXC9,YES
SP9,YES
ZNF684,YES
ZNF484,YES
ZNF570,YES
ZNF251,YES
NR1H3,YES
ZIC3,YES
FEV,YES
NFYB,YES
ZNF677,YES
HOPX,YES
ZNF460,YES
ARID3B,YES
ZNF581,YES
GLMP,YES
ZNF649,YES
NKX1-1,YES
ZNF469,YES
VEZF1,YES
ZNF518A,YES
TFDP1,YES
RELA,YES
CREB3L3,YES
GZF1,YES
ZNF19,YES
SAMD11,YES
RUNX2,YES
HSF2,YES
CARHSP1,YES
TFCP2L1,YES
TSHZ1,YES
ZNF234,YES
ZNF43,YES
HIF3A,YES
FOXE3,YES
POU5F2,YES
NOBOX,YES
FOXR2,YES
ID4,YES
ZNF93,YES
PTF1A,YES
ZNF625,YES
PAX6,YES
ZNF267,YES
PAX7,YES
BHLHE23,YES
GRHL3,YES
ZNF512,YES
ZFP2,YES
ZNF787,YES
GMEB1,YES
ZNF700,YES
SIX5,YES
HOXD8,YES
EBF4,YES
ZNF692,YES
MYT1,YES
CPHXL,YES
ZNF615,YES
NR2F1,YES
IRF7,YES
ZNF117,YES
ZNF579,YES
ZNF556,YES
ZNF777,YES
FOXE1,YES
ZNF680,YES
ZIC4,YES
NFYC,YES
PRDM15,YES
ZNF468,YES
ID2,YES
ZSCAN5A,YES
ISL2,YES
ZNF710,YES
ZIC5,YES
ZBED4,YES
ZNF679,YES
HMBOX1,YES
RFX5,YES
ZNF687,YES
ZNF773,YES
HOXB7,YES
ZNF470,YES
HHEX,YES
ANHX,YES
L3MBTL1,YES
ASCL4,YES
ZNF480,YES
FOXI3,YES
ZFP57,YES
RFX8,YES
GLI4,YES
MBD3,YES
ZNF732,YES
TCF12,YES
ELK1,YES
DBX1,YES
GFI1,YES
ZNF726,YES
SIX3,YES
ZSCAN12,YES
BATF2,YES
NR5A2,YES
ZEB2,YES
GTF2I,YES
ZNF568,YES
ZNF217,YES
CDC5L,YES
TSC22D2,YES
PIAS3,YES
IRX5,YES
ERF,YES
ZFP37,YES
ETV3,YES
TFE3,YES
CTCF,YES
EGR1,YES
TFDP3,YES
E2F2,YES
ZFP36L2,YES
NFIC,YES
LCOR,YES
ZNF614,YES
RFX7,YES
ZBTB7A,YES
ZNF717,YES
ZNF34,YES
NR4A2,YES
MEF2A,YES
ZNF367,YES
RCOR1,YES
ZNF264,YES
ZNF441,YES
TWIST1,YES
AFF4,YES
STAT5A,YES
ZNF888,YES
AC023509.3,YES
ZNF805,YES
ZHX3,YES
ZNF584,YES
PRRX1,YES
HOXA3,YES
E2F5,YES
KLF17,YES
RHOXF1,YES
NKX2-3,YES
ZNF691,YES
ZSCAN31,YES
ZNF337,YES
ZNF429,YES
YY1,YES
ZNF76,YES
AC020909.1,YES
ZSCAN2,YES
ZNF12,YES
DNAJC1,YES
ZNF585A,YES
ZNF385B,YES
FOXA2,YES
ZSCAN9,YES
ZNF814,YES
ZNF697,YES
ZNF462,YES
ZNF618,YES
CREB3L2,YES
ZNF827,YES
ZNF77,YES
NEUROG2,YES
MSC,YES
NEUROD1,YES
ZBTB12,YES
ZNF629,YES
ATOH7,YES
KLF7,YES
ZBTB48,YES
MESP2,YES
FOXK1,YES
ZBTB41,YES
NR2C2,YES
ZNF558,YES
RFX4,YES
SMARCC2,YES
PLAGL1,YES
ZBTB7B,YES
ZNF425,YES
HOXB4,YES
ZNF500,YES
FOXL2,YES
PHOX2B,YES
ISX,YES
ZBTB21,YES
ZNF582,YES
SP100,YES
ZSCAN21,YES
STAT6,YES
FOXC2,YES
TCF3,YES
LHX1,YES
ID3,YES
ARID5A,YES
PAX3,YES
DEAF1,YES
ZNF44,YES
KLF1,YES
GATAD2B,YES
SIX1,YES
ONECUT2,YES
ZFY,YES
ATMIN,YES
NFIA,YES
FOXI2,YES
TFCP2,YES
MBD4,YES
ZIC1,YES
POU6F1,YES
FIGLA,YES
TFAP2E,YES
ZNF213,YES
ZNF17,YES
HAND1,YES
HSFX1,YES
FOXC1,YES
PAX9,YES
ZNF28,YES
MNT,YES
NEUROD2,YES
ZNF133,YES
BNC1,YES
PRDM9,YES
HNF1A,YES
ZNF653,YES
UNCX,YES
TGIF2,YES
ZSCAN32,YES
ZFHX4,YES
ZFP69,YES
ETV7,YES
TLX1,YES
ZNF747,YES
ATF7,YES
ZNF74,YES
ETV3L,YES
FIZ1,YES
ZNF177,YES
ZKSCAN1,YES
HOXA7,YES
GATA5,YES
THAP3,YES
TFEB,YES
SOX3,YES
MYSM1,YES
HEY2,YES
ZNF84,YES
NCOA1,YES
SUB1,YES
ZNF723,YES
SOX13,YES
ZBTB37,YES
MSX1,YES
ZNF564,YES
NKX2-1,YES
ZNF292,YES
ZNF749,YES
LHX4,YES
HES2,YES
HLF,YES
IRF9,YES
PPARG,YES
SHOX2,YES
ZNF277,YES
ZNF878,YES
ARID1B,YES
ZNF426,YES
DLX4,YES
ZNF33B,YES
ZNF639,YES
BARHL2,YES
ZNF83,YES
HAND2,YES
ZBTB42,YES
ARNTL2,YES
ZNF320,YES
ZNF10,YES
TUB,YES
ZNF107,YES
ZFP36L1,YES
ZNF713,YES
ARID2,YES
ATF4,YES
KMT2C,YES
ZNF783,YES
HIVEP1,YES
MGA,YES
ZNF560,YES
MSX2,YES
ZNF174,YES
TRPS1,YES
ZNF616,YES
DNAJC2,YES
ATF3,YES
HOXB3,YES
ZNF101,YES
ZNF583,YES
ZNF880,YES
ELF4,YES
ZHX2,YES
GSC,YES
ZNF71,YES
HBP1,YES
HOXB8,YES
ZNF302,YES
ZFP41,YES
TBX20,YES
NEUROG1,YES
DUX4,YES
PKNOX2,YES
SMARCA1,YES
ZSCAN18,YES
ZNF334,YES
ZNF219,YES
THRA,YES
ZIM2,YES
TCF24,YES
ZNF181,YES
ALX4,YES
HDX,YES
ZNF530,YES
GMEB2,YES
SMAD9,YES
HOXC11,YES
ZNF502,YES
ZNF114,YES
TBX4,YES
E2F6,YES
FOXD4L4,YES
ZNF233,YES
ZNF230,YES
ZNF594,YES
TULP1,YES
HOXB9,YES
SSRP1,YES
DLX3,YES
ZBTB1,YES
AHR,YES
ZNF660,YES
CSRNP2,YES
HIVEP3,YES
FOXJ3,YES
PRDM8,YES
RORC,YES
CEBPG,YES
BACH1,YES
ZNF705B,YES
ZNF319,YES
FOXR1,YES
ZNF41,YES
YBX1,YES
SATB2,YES
ZSCAN1,YES
ZNF571,YES
NKX2-8,YES
ZNF3,YES
TEAD2,YES
NR5A1,YES
ZNF485,YES
NR2F2,YES
ZNF491,YES
SP6,YES
ZNF439,YES
KLF14,YES
IKZF1,YES
UBP1,YES
DUXB,YES
FOXA3,YES
ZBTB26,YES
ZNF215,YES
ZNF284,YES
ZNF667,YES
ZKSCAN2,YES
THAP9,YES
TCF21,YES
ZNF197,YES
ZNF549,YES
PROX1,YES
TCFL5,YES
FOSL2,YES
E2F3,YES
BAZ2A,YES
HMGB3,YES
ZNF599,YES
ZNF492,YES
ZNF232,YES
MIER3,YES
GLI1,YES
ZBTB24,YES
ZNF532,YES
ZNF644,YES
HOXD3,YES
UBTF,YES
ZNF410,YES
SP140,YES
ZNF92,YES
HINFP,YES
LHX8,YES
AC025287.4,YES
ZNF20,YES
ZNF418,YES
ZBTB14,YES
MLXIP,YES
CREB3L4,YES
SCX,YES
NANOGP8,YES
ZNF548,YES
L3MBTL4,YES
ZNF655,YES
AC118549,YES
TBX10,YES
ZNF587,YES
AC012531.3,YES
ELF1,YES
AC073612.1,YES
LIN28A,YES
HMGXB4,YES
ZNF396,YES
NR2E1,YES
ZNF823,YES
STAT4,YES
ZNF626,YES
AC105001.2,YES
TEF,YES
PPARA,YES
ZNF8,YES
ZNF501,YES
ZNF454,YES
PRDM2,YES
ETS1,YES
PRDM6,YES
ZBED3,YES
ZNF354C,YES
ESX1,YES
HOXB6,YES
NFKB1,YES
TULP3,YES
RARG,YES
ZNF705G,YES
OLIG3,YES
ZNF821,YES
HNF4A,YES
TCF7,YES
SMAD4,YES
DMRTC2,YES
ZBED5,YES
NEUROG3,YES
ESR2,YES
ZNF683,YES
ZEB1,YES
NPAS3,YES
ZNF785,YES
HOXA4,YES
ZNF831,YES
HOXB5,YES
HMGXB3,YES
ZNF227,YES
ZNF446,YES
PAXBP1,YES
HSFX2,YES
ARID4B,YES
ZNF157,YES
MXD4,YES
LRRFIP1,YES
ZFP30,YES
ELF3,YES
INSM2,YES
HMGA1,YES
MITF,YES
MXI1,YES
NR4A1,YES
ZNF585B,YES
TBX21,YES
TFAP2C,YES
HMG20A,YES
ZNF770,YES
KLF6,YES
GLI2,YES
SIX4,YES
ZNF813,YES
ZNF7,YES
FOXK2,YES
ZNF577,YES
RHOXF2B,YES
ZNF623,YES
USF3,YES
SOX12,YES
HSF4,YES
ZNF705E,YES
GCM2,YES
E2F4,YES
FOXP1,YES
FOXF1,YES
DMRT1,YES
ZNF518B,YES
ZNF436,YES
NHLH1,YES
ZBTB33,YES
SP8,YES
NR1D2,YES
FLI1,YES
REPIN1,YES
SNAI2,YES
TFAP2A,YES
ETS2,YES
ZNF735,YES
HOXC5,YES
SOX9,YES
NR2C1,YES
NFYA,YES
NKX3-2,YES
TTF1,YES
NR4A3,YES
ZNF768,YES
SETDB2,YES
FOXI1,YES
ZNF574,YES
FOXL1,YES
ZNF527,YES
CIC,YES
HES6,YES
NKX2-6,YES
NR1D1,YES
ZNF121,YES
ZBTB7C,YES
ZNF619,YES
SOX2,YES
ZNF131,YES
E2F1,YES
ZNF678,YES
ZSCAN25,YES
THAP8,YES
ZNF596,YES
ZNF622,YES
ZBTB2,YES
ZSCAN26,YES
MYF6,YES
ZNF236,YES
ZNF589,YES
TWIST2,YES
PATZ1,YES
LBX1,YES
ZBTB40,YES
ZSCAN16,YES
ZNF202,YES
ZNF782,YES
HSFX3,YES
ZNF721,YES
ZNF676,YES
ZXDC,YES
ZNF576,YES
POU3F1,YES
IRF6,YES
OSR1,YES
PRDM14,YES
ZNF586,YES
TBX19,YES
FOXN2,YES
EVX2,YES
ZBED1,YES
IRX6,YES
PBX2,YES
CLOCK,YES
TAL1,YES
HELT,YES
DLX5,YES
GTF2IRD2,YES
HMGB1,YES
HMX1,YES
GBX2,YES
NFIX,YES
ZNF646,YES
ZNF479,YES
AC073111.3,YES
EVX1,YES
MZF1,YES
RUNX3,YES
HOXD12,YES
JUND,YES
RXRB,YES
ZNF208,YES
ZNF383,YES
ESRRB,YES
ZNF891,YES
ZNF699,YES
NR2E3,YES
ZNF335,YES
STAT1,YES
GATAD2A,YES
ZFPM1,YES
NFE2L2,YES
ZNF276,YES
ESRRG,YES
ZNF835,YES
TP53,YES
ZNF514,YES
ZFP82,YES
ZNF728,YES
PBX1,YES
NR1I3,YES
ZNF780A,YES
NPAS2,YES
ZNF154,YES
RERE,YES
NFATC1,YES
SALL2,YES
ATF6,YES
PBX3,YES
JARID2,YES
PKNOX1,YES
ELF5,YES
ZNF714,YES
NFIB,YES
NR0B1,YES
ZNF664,YES
DACH2,YES
SOX15,YES
RBAK,YES
ZNF14,YES
CDIP1,YES
VSX1,YES
HOXD13,YES
ZNF423,YES
ZNF552,YES
ZNF730,YES
ZNF781,YES
AC010616.1,YES
IRX1,YES
ARID1A,YES
ZNF716,YES
PRDM12,YES
TSHZ2,YES
KLF13,YES
FOXO6,YES
IRX2,YES
MYBL1,YES
CEBPA,YES
ZNF407,YES
MIXL1,YES
MEIS1,YES
ZNF671,YES
AC138696.1,YES
ZNF630,YES
ZNF524,YES
MEF2B,YES
ZNF662,YES
ZNF534,YES
PRDM5,YES
TOX2,YES
ZNF415,YES
ZBTB20,YES
ZNF740,YES
SPIC,YES
TBX15,YES
ZNF766,YES
ZNF25,YES
PMS1,YES
MYC,YES
SIX6,YES
POU2F3,YES
EHF,YES
ZNF544,YES
NANOGNB,YES
ZBTB43,YES
ZNF536,YES
ZNF440,YES
RORB,YES
ZNF844,YES
ZNF263,YES
ZNF846,YES
MTA2,YES
CBFB,YES
NPAS1,YES
AC022167.5,YES
ZNF57,YES
EN2,YES
ZFPM2,YES
HESX1,YES
SP3,YES
E2F8,YES
ZNF563,YES
MAFK,YES
ZNF569,YES
ZNF300,YES
HES7,YES
NR1I2,YES
SOX7,YES
ZBTB39,YES
ZNF398,YES
ZNF420,YES
NCOR1,YES
SHOX,YES
CEBPE,YES
LITAF,YES
SEBOX,YES
ZBTB11,YES
FOXP2,YES
TLX2,YES
TOX3,YES
NR3C2,YES
POU5F1,YES
ZNF573,YES
ZNF350,YES
ZNF324,YES
ZBTB32,YES
ZNF394,YES
FOXD4L5,YES
AHRR,YES
PRDM4,YES
GFI1B,YES
ZNF341,YES
KLF15,YES
ZMIZ1,YES
ZSCAN4,YES
ZNF850,YES
ZNF256,YES
ZBTB46,YES
HSFY1,YES
HSFY2,YES
HOXC8,YES
ZNF33A,YES
ARNTL,YES
RLF,YES
SOX1,YES
DMRT3,YES
ZNF624,YES
NPAS4,YES
ZSCAN30,YES
GLIS1,YES
ZNF146,YES
FOXM1,YES
AC092329.3,YES
SIX2,YES
KLF18,YES
MESP1,YES
BHLHE40,YES
ZNF483,YES
HES3,YES
RUNX1,YES
ZNF430,YES
MYNN,YES
HSFX4,YES
ZNF711,YES
TBX5,YES
POU6F2,YES
RXRA,YES
WDHD1,YES
LBX2,YES
ZNF764,YES
RFX6,YES
SOX17,YES
ZFP91-CNTF,YES
ZHX1,YES
ZNF48,YES
SP7,YES
CSRNP1,YES
DLX6,YES
HSF1,YES
ERG,YES
MAF,YES
ZNF404,YES
AL033529.1,YES
ZNF275,YES
RFX3,YES
MAZ,YES
IKZF5,YES
KLF9,YES
ZNF665,YES
ZNF682,YES
ZNF566,YES
FOXB1,YES
DBX2,YES
FOXG1,YES
JUNB,YES
DPRX,YES
MAFF,YES
SRY,YES
FOXP4,YES
MYRF,YES
AFF2,YES
OVOL2,YES
TGIF2LY,YES
ZSCAN29,YES
ZNF852,YES
TCF23,YES
FOSB,YES
BHMG1,YES
NKX2-2,YES
POU3F2,YES
NR2F6,YES
BCL11A,YES
AC115220.1,YES
ZNF268,YES
TULP4,YES
ASCL5,YES
HIC1,YES
ZBTB45,YES
ZNF836,YES
ZNF670,YES
ZFHX2,YES
FOXF2,YES
SMARCE1,YES
ZNF789,YES
MYT1L,YES
ZNF24,YES
TBX3,YES
NEUROD4,YES
AR,YES
MBD2,YES
ZNF189,YES
PHOX2A,YES
ZFP64,YES
SMAD6,YES
THAP10,YES
AC073111.5,YES
FOXD4L3,YES
TP73,YES
ZNF587B,YES
HOXB13,YES
BHLHA9,YES
ZNF184,YES
ZNF471,YES
HOXA5,YES
ZNF362,YES
ZBTB17,YES
ZNF160,YES
GABPA,YES
ZNF142,YES
ZNF771,YES
THAP12,YES
HMX3,YES
ZNF736,YES
ZFP14,YES
RORA,YES
PAX4,YES
ZBTB4,YES
HOXC4,YES
CREB5,YES
POU4F1,YES
KLF12,YES
ZNF345,YES
TEAD1,YES
LMX1B,YES
PIAS1,YES
NR1H2,YES
ZNF324B,YES
MYCN,YES
ZNF175,YES
VENTX,YES
ZNF559-ZNF177,YES
VDR,YES
ZNF546,YES
AFF3,YES
MBD1,YES
KLF16,YES
ZNF737,YES
ZNF169,YES
ZNF695,YES
SP5,YES
CAMTA2,YES
SOX6,YES
CAMTA1,YES
DDIT3,YES
ZNF525,YES
LEUTX,YES
AC092835.1,YES
ZKSCAN7,YES
ZNF285,YES
RCOR2,YES
ARGFX,YES
ZNF30,YES
MNX1,YES
MYF5,YES
ZNF354B,YES
NKX3-1,YES
KLF3,YES
FOXD4L1,YES
PITX2,YES
ZNF772,YES
ZBTB16,YES
ZNF575,YES
ZNF620,YES
ZNF761,YES
ZNF793,YES
ZNF254,YES
TFAP2B,YES
SNAPC4,YES
ZNF675,YES
ZNF860,YES
FOXD3,YES
ZNF132,YES
NFE2L3,YES
ZNF510,YES
HOXC6,YES
THRB,YES
ZNF774,YES
ZFP28,YES
NFE2L1,YES
HOXD4,YES
ZNF681,YES
NFIL3,YES
FOXP3,YES
CUX2,YES
CREB3,YES
ARNT2,YES
MTA3,YES
AEBP2,YES
TEAD4,YES
ZNF250,YES
FOXD2,YES
JAZF1,YES
MYRFL,YES
THAP1,YES
ZNF578,YES
ZNF461,YES
IKZF3,YES
FOXJ2,YES
AC187653.1,YES
ZNF788,YES
ZNF708,YES
TERB1,YES
ZFP92,YES
IRF8,YES
ZNF705D,YES
MXD3,YES
ZNF506,YES
RHOXF2,YES
NHLH2,YES
STAT5B,YES
ZNF490,YES
ZNF516,YES
NFKB2,YES
ZNF99,YES
ESR1,YES
DMRTA2,YES
INSM1,YES
SOX5,YES
TBX18,YES
HNF4G,YES
ATF1,YES
SCRT2,YES
NKX1-2,YES
ZNF384,YES
PLAGL2,YES
POU4F2,YES
NANOG,YES
ZNF81,YES
ZNF497,YES
NR0B2,YES
AC010487.3,YES
AC004080.3,YES
ZNF135,YES
RELB,YES
GTF2IRD1,YES
CUX1,YES
ZNF207,YES
LTF,YES
PRDM11,YES
BCLAF1,YES
TFB1M,YES
ZNF280C,YES
PARP12,YES
GPBP1,YES
RFXANK,YES
MLLT10,YES
KHSRP,YES
HIF1A,YES
ADNP2,YES
CENPT,YES
CAPN15,YES
GABPB1,YES
MYEF2,YES
TAX1BP1,YES
AKNA,YES
CREBL2,YES
CENPA,YES
CEBPZ,YES
PLEK,YES
EPAS1,YES
SFPQ,YES
GON4L,YES
PHTF1,YES
BLZF1,YES
ZNF706,YES
KIAA1549,YES
ZNFX1,YES
SLC2A4RG,YES
RBCK1,YES
YEATS4,YES
CASZ1,YES
CC2D1A,YES
ZNF414,YES
XPA,YES
TCF19,YES
ZNF280D,YES
PREB,YES
SMARCAL1,YES
CARF,YES
TCF25,YES
ZNF750,YES
GABPB2,YES
TMF1,YES
LYAR,YES
PURB,YES
CIZ1,YES
ANKRD30A,YES
THYN1,YES
SETBP1,YES
AHCTF1,YES
ELMSAN1,YES
GATAD1,YES
SON,YES
GPBP1L1,YES
ZNF326,YES
SPZ1,YES
FAM170A,YES
CREBRF,YES
ZNF704,YES
ZNF503,YES
RAG1,YES
PHB,YES
TET2,YES
ZNF608,YES
ZNF280A,YES
CENPX,YES
CNBP,YES
NFRKB,YES
ZNF318,YES
PURG,YES
CENPS,YES
MAF1,YES
ZNF609,YES
DMRTC1B,YES
PURA,YES
NKRF,YES
ZNF395,YES
PLSCR1,YES
ZGPAT,YES
ZNF720,YES
ZNF511,YES
L3MBTL3,YES
CPEB1,YES
ZNF487,YES
NME2,YES
ZNF488,YES
DMRTC1,YES
ZNF280B,YES
